,Número fallecidos,Población,Tasa de mortalidad por 100.000 habitantes
edad 0 a 4,0.0,28349.0,0.0
edad 5 a 14,1.0,45465.0,2.1994941163532387
edad 15 a 44,4.0,198767.0,2.012406485986104
edad 45 a 64,46.0,113931.0,40.37531488356988
edad 65 a 84,113.0,53426.0,211.5075057088309
edad 85 a 99,39.0,6021.0,647.7329347284505
edad 100 o más,0.0,201.0,0.0
Total,203.0,446160.0,45.49937242244935
