,Número fallecidos,Población,Tasa de mortalidad por 100.000 habitantes
edad 0 a 4,8,77831,10.278680731328134
edad 5 a 14,17,119916,14.17659027986257
edad 15 a 44,230,435989,52.75362451804976
edad 45 a 64,384,252678,151.97207513119466
edad 65 a 84,54,118140,45.70848146267141
edad 85 a 99,0,13232,0.0
edad 100 o más,0,481,0.0
