,Número fallecidos,Población,Tasa de mortalidad por 100.000 habitantes
edad 0 a 4,0.0,28349.0,0.0
edad 5 a 14,1.0,45465.0,2.1994941163532387
edad 15 a 44,4.0,198767.0,2.012406485986104
edad 45 a 64,44.0,113931.0,38.61986641037119
edad 65 a 84,107.0,53426.0,200.27701868004343
edad 85 a 99,36.0,6021.0,597.9073243647235
edad 100 o más,0.0,201.0,0.0
Total,192.0,446160.0,43.03388918773534
