,Número fallecidos,Población,Tasa de mortalidad por 100.000 habitantes
edad 0 a 4,0,77831,0.0
edad 5 a 14,2,119916,1.667834150572067
edad 15 a 44,19,435989,4.357908112360633
edad 45 a 64,91,252678,36.01421572119457
edad 65 a 84,231,118140,195.53072625698326
edad 85 a 99,63,13232,476.11850060459494
edad 100 o más,1,481,207.9002079002079
