,Número fallecidos,Población,Tasa de mortalidad por 100.000 habitantes
edad 0 a 4,0,77831,0.0
edad 5 a 14,2,119916,1.667834150572067
edad 15 a 44,18,435989,4.128544527499547
edad 45 a 64,85,252678,33.63965204726965
edad 65 a 84,210,118140,177.75520568816657
edad 85 a 99,58,13232,438.33131801692866
edad 100 o más,1,481,207.9002079002079
