,Número fallecidos,Población,Tasa de mortalidad por 100.000 habitantes
edad 0 a 4,6.0,28349.0,21.16476771667431
edad 5 a 14,18.0,45465.0,39.5908940943583
edad 15 a 44,283.0,198767.0,142.3777588835169
edad 45 a 64,65.0,113931.0,57.05207537895744
edad 65 a 84,0.0,53426.0,0.0
edad 85 a 99,0.0,6021.0,0.0
edad 100 o más,0.0,201.0,0.0
Total,372.0,446160.0,83.37816030123723
