,Número fallecidos,Población,Tasa de mortalidad por 100.000 habitantes
edad 0 a 4,0,77831,0.0
edad 5 a 14,2,119916,1.667834150572067
edad 15 a 44,18,435989,4.128544527499547
edad 45 a 64,87,252678,34.431173271911284
edad 65 a 84,223,118140,188.7590993736245
edad 85 a 99,60,13232,453.4461910519952
edad 100 o más,1,481,207.9002079002079
