,Número fallecidos,Población,Tasa de mortalidad por 100.000 habitantes
edad 0 a 4,0,28349,0.0
edad 5 a 14,1,45465,2.1994941163532387
edad 15 a 44,4,198767,2.012406485986104
edad 45 a 64,43,113931,37.742142173771846
edad 65 a 84,94,53426,175.9442967843372
edad 85 a 99,33,6021,548.0817140009965
edad 100 o más,0,201,0.0
