,Número fallecidos,Población,Tasa de mortalidad por 100.000 habitantes
edad 0 a 4,0,77831,0.0
edad 5 a 14,2,119916,1.667834150572067
edad 15 a 44,20,435989,4.587271697221719
edad 45 a 64,92,252678,36.40997633351538
edad 65 a 84,236,118140,199.76299305908245
edad 85 a 99,66,13232,498.7908101571947
edad 100 o más,1,481,207.9002079002079
