,Número fallecidos,Población,Tasa de mortalidad por 100.000 habitantes
edad 0 a 4,0,28349,0.0
edad 5 a 14,1,45465,2.1994941163532387
edad 15 a 44,3,198767,1.5093048644895781
edad 45 a 64,37,113931,32.47579675417577
edad 65 a 84,88,53426,164.71380975554973
edad 85 a 99,29,6021,481.64756684936054
edad 100 o más,0,201,0.0
